Region,Service,ResourceType,ResourceId,Metric,Unit,Status,Average,Minimum,Maximum,Datapoints,Finding,Recommendation
us-east-1,EC2,Instance,i-0459f444830363d8a,CPUUtilization,Percent,OK,1.1128,0.0029,13.07,128,Low observed average CPU activity (1.11%).,"Review workload pattern, instance purpose, and utilization history before considering any sizing change."
us-east-1,EC2,Instance,i-0459f444830363d8a,NetworkIn,Bytes,OK,295.5774,0.0,16480.0,128,NetworkIn activity was observed with an average CloudWatch datapoint value of 295.58 Bytes. Maximum observed value was 16480.00 Bytes.,Review the time-series trend together with application traffic patterns before drawing capacity conclusions.
us-east-1,EC2,Instance,i-0459f444830363d8a,NetworkOut,Bytes,OK,216.2223,0.0,5344.0,128,NetworkOut activity was observed with an average CloudWatch datapoint value of 216.22 Bytes. Maximum observed value was 5344.00 Bytes.,Review the time-series trend together with application traffic patterns before drawing capacity conclusions.
us-east-1,EC2,Instance,i-0459f444830363d8a,StatusCheckFailed,Count,OK,0.0,0.0,0.0,128,No failed EC2 status checks were observed during the analysis period.,No action indicated from this metric; continue monitoring.
us-east-1,EC2,Instance,i-0459f444830363d8a,StatusCheckFailed_Instance,Count,OK,0.0,0.0,0.0,128,No failed EC2 status checks were observed during the analysis period.,No action indicated from this metric; continue monitoring.
us-east-1,EC2,Instance,i-0459f444830363d8a,StatusCheckFailed_System,Count,OK,0.0,0.0,0.0,128,No failed EC2 status checks were observed during the analysis period.,No action indicated from this metric; continue monitoring.
us-east-1,EBS,Volume,vol-0f4745da336a024b4,VolumeReadBytes,Bytes,OK,27740.637,0.0,191017472.0,128,EBS VolumeReadBytes activity was observed. Average CloudWatch datapoint value: 27740.64. Maximum observed value: 191017472.00.,"Review the I/O time-series together with the workload using the volume, volume type, and storage requirements."
us-east-1,EBS,Volume,vol-0f4745da336a024b4,VolumeWriteBytes,Bytes,OK,2987484.0118,32768.0,108369408.0,128,EBS VolumeWriteBytes activity was observed. Average CloudWatch datapoint value: 2987484.01. Maximum observed value: 108369408.00.,"Review the I/O time-series together with the workload using the volume, volume type, and storage requirements."
us-east-1,EBS,Volume,vol-0f4745da336a024b4,VolumeReadOps,Count,OK,1.5359,0.0,10591.0,128,EBS VolumeReadOps activity was observed. Average CloudWatch datapoint value: 1.54. Maximum observed value: 10591.00.,"Review the I/O time-series together with the workload using the volume, volume type, and storage requirements."
us-east-1,EBS,Volume,vol-0f4745da336a024b4,VolumeWriteOps,Count,OK,49.0179,3.0,1001.0,128,EBS VolumeWriteOps activity was observed. Average CloudWatch datapoint value: 49.02. Maximum observed value: 1001.00.,"Review the I/O time-series together with the workload using the volume, volume type, and storage requirements."
us-east-1,EC2,Instance,i-014980792be5e5138,CPUUtilization,Percent,OK,1.2452,0.0014,12.6083,129,Low observed average CPU activity (1.25%).,"Review workload pattern, instance purpose, and utilization history before considering any sizing change."
us-east-1,EC2,Instance,i-014980792be5e5138,NetworkIn,Bytes,OK,294.9285,0.0,17014.0,128,NetworkIn activity was observed with an average CloudWatch datapoint value of 294.93 Bytes. Maximum observed value was 17014.00 Bytes.,Review the time-series trend together with application traffic patterns before drawing capacity conclusions.
us-east-1,EC2,Instance,i-014980792be5e5138,NetworkOut,Bytes,OK,214.9996,0.0,5384.0,128,NetworkOut activity was observed with an average CloudWatch datapoint value of 215.00 Bytes. Maximum observed value was 5384.00 Bytes.,Review the time-series trend together with application traffic patterns before drawing capacity conclusions.
us-east-1,EC2,Instance,i-014980792be5e5138,StatusCheckFailed,Count,OK,0.0,0.0,0.0,128,No failed EC2 status checks were observed during the analysis period.,No action indicated from this metric; continue monitoring.
us-east-1,EC2,Instance,i-014980792be5e5138,StatusCheckFailed_Instance,Count,OK,0.0,0.0,0.0,128,No failed EC2 status checks were observed during the analysis period.,No action indicated from this metric; continue monitoring.
us-east-1,EC2,Instance,i-014980792be5e5138,StatusCheckFailed_System,Count,OK,0.0,0.0,0.0,128,No failed EC2 status checks were observed during the analysis period.,No action indicated from this metric; continue monitoring.
us-east-1,EBS,Volume,vol-00d63f2da91dfa655,VolumeReadBytes,Bytes,OK,26840.3381,0.0,191640064.0,128,EBS VolumeReadBytes activity was observed. Average CloudWatch datapoint value: 26840.34. Maximum observed value: 191640064.00.,"Review the I/O time-series together with the workload using the volume, volume type, and storage requirements."
us-east-1,EBS,Volume,vol-00d63f2da91dfa655,VolumeWriteBytes,Bytes,OK,2863737.1873,28672.0,91129344.0,128,EBS VolumeWriteBytes activity was observed. Average CloudWatch datapoint value: 2863737.19. Maximum observed value: 91129344.00.,"Review the I/O time-series together with the workload using the volume, volume type, and storage requirements."
us-east-1,EBS,Volume,vol-00d63f2da91dfa655,VolumeReadOps,Count,OK,1.484,0.0,10611.0,128,EBS VolumeReadOps activity was observed. Average CloudWatch datapoint value: 1.48. Maximum observed value: 10611.00.,"Review the I/O time-series together with the workload using the volume, volume type, and storage requirements."
us-east-1,EBS,Volume,vol-00d63f2da91dfa655,VolumeWriteOps,Count,OK,50.7007,3.0,842.0,128,EBS VolumeWriteOps activity was observed. Average CloudWatch datapoint value: 50.70. Maximum observed value: 842.00.,"Review the I/O time-series together with the workload using the volume, volume type, and storage requirements."
us-east-1,ALB,ApplicationLoadBalancer,Blu-Green-LB,RequestCount,Count,NO_DATA,,,,0,Metric data was unavailable for the analysis period.,"Review CloudWatch metric availability, resource configuration, and metric dimensions."
us-east-1,ALB,ApplicationLoadBalancer,Blu-Green-LB,TargetResponseTime,Seconds,NO_DATA,,,,0,Metric data was unavailable for the analysis period.,"Review CloudWatch metric availability, resource configuration, and metric dimensions."
us-east-1,ALB,ApplicationLoadBalancer,Blu-Green-LB,HTTPCode_Target_4XX_Count,Count,NO_DATA,,,,0,Metric data was unavailable for the analysis period.,"Review CloudWatch metric availability, resource configuration, and metric dimensions."
us-east-1,ALB,ApplicationLoadBalancer,Blu-Green-LB,HTTPCode_Target_5XX_Count,Count,NO_DATA,,,,0,Metric data was unavailable for the analysis period.,"Review CloudWatch metric availability, resource configuration, and metric dimensions."
us-east-1,ALB,ApplicationLoadBalancer,Blu-Green-LB,ActiveConnectionCount,Count,NO_DATA,,,,0,Metric data was unavailable for the analysis period.,"Review CloudWatch metric availability, resource configuration, and metric dimensions."
us-east-1,AutoScaling,AutoScalingGroup,ASG -private,GroupMinSize,Count,API,1,1,1,1,Configured minimum Auto Scaling capacity is 1.,Validate the minimum capacity against application availability requirements.
us-east-1,AutoScaling,AutoScalingGroup,ASG -private,GroupDesiredCapacity,Count,API,2,2,2,1,Configured desired Auto Scaling capacity is 2.,Validate desired capacity against normal workload and scaling policy.
us-east-1,AutoScaling,AutoScalingGroup,ASG -private,GroupMaxSize,Count,API,4,4,4,1,Configured maximum Auto Scaling capacity is 4.,Validate maximum capacity against expected peak workload.
us-east-1,AutoScaling,AutoScalingGroup,ASG -private,GroupInServiceInstances,Count,API,2,,,1,Observed in-service instance count is 2.,Compare in-service capacity with desired capacity and recent workload.
us-west-1,EC2,Instance,i-05c761bb30cd029a1,CPUUtilization,Percent,OK,2.1012,0.0007,100.0,90,Low observed average CPU activity (2.10%). Peak observed CPU reached 100.00%.,"Review workload pattern, instance purpose, and utilization history before considering any sizing change. Correlate the peak timestamp with application activity before making capacity changes."
us-west-1,EC2,Instance,i-05c761bb30cd029a1,NetworkIn,Bytes,OK,343177.6266,0.0,401627042.0,90,NetworkIn activity was observed with an average CloudWatch datapoint value of 343177.63 Bytes. Maximum observed value was 401627042.00 Bytes.,Review the time-series trend together with application traffic patterns before drawing capacity conclusions.
us-west-1,EC2,Instance,i-05c761bb30cd029a1,NetworkOut,Bytes,OK,16097.5893,0.0,6763399.0,90,NetworkOut activity was observed with an average CloudWatch datapoint value of 16097.59 Bytes. Maximum observed value was 6763399.00 Bytes.,Review the time-series trend together with application traffic patterns before drawing capacity conclusions.
us-west-1,EC2,Instance,i-05c761bb30cd029a1,StatusCheckFailed,Count,OK,0.0,0.0,0.0,89,No failed EC2 status checks were observed during the analysis period.,No action indicated from this metric; continue monitoring.
us-west-1,EC2,Instance,i-05c761bb30cd029a1,StatusCheckFailed_Instance,Count,OK,0.0,0.0,0.0,89,No failed EC2 status checks were observed during the analysis period.,No action indicated from this metric; continue monitoring.
us-west-1,EC2,Instance,i-05c761bb30cd029a1,StatusCheckFailed_System,Count,OK,0.0,0.0,0.0,89,No failed EC2 status checks were observed during the analysis period.,No action indicated from this metric; continue monitoring.
us-west-1,EBS,Volume,vol-0ee5e27a823c11a3e,VolumeReadBytes,Bytes,OK,4468263.378,0.0,1415442432.0,90,EBS VolumeReadBytes activity was observed. Average CloudWatch datapoint value: 4468263.38. Maximum observed value: 1415442432.00.,"Review the I/O time-series together with the workload using the volume, volume type, and storage requirements."
us-west-1,EBS,Volume,vol-0ee5e27a823c11a3e,VolumeWriteBytes,Bytes,OK,8022757.3469,0.0,2377715712.0,90,EBS VolumeWriteBytes activity was observed. Average CloudWatch datapoint value: 8022757.35. Maximum observed value: 2377715712.00.,"Review the I/O time-series together with the workload using the volume, volume type, and storage requirements."
us-west-1,EBS,Volume,vol-0ee5e27a823c11a3e,VolumeReadOps,Count,OK,107.491,0.0,16817.0,90,EBS VolumeReadOps activity was observed. Average CloudWatch datapoint value: 107.49. Maximum observed value: 16817.00.,"Review the I/O time-series together with the workload using the volume, volume type, and storage requirements."
us-west-1,EBS,Volume,vol-0ee5e27a823c11a3e,VolumeWriteOps,Count,OK,100.1469,0.0,43216.0,90,EBS VolumeWriteOps activity was observed. Average CloudWatch datapoint value: 100.15. Maximum observed value: 43216.00.,"Review the I/O time-series together with the workload using the volume, volume type, and storage requirements."
